{
  "account.php": 1775986635.7228086,
  "admin-dashboard.php": 1775986635.7228086,
  "admin-fines.php": 1775986635.7238088,
  "admin-login.php": 1775986635.7238088,
  "admin-logout.php": 1775986635.7248087,
  "admin-profile.php": 1775986635.7248087,
  "admin-users.php": 1775986635.7258089,
  "catalog.php": 1776952486.5943885,
  "check_db.php": 1776952486.5953896,
  "history.php": 1776952486.5953896,
  "index.php": 1775986635.749558,
  "init-database.php": 1775986635.749558,
  "librarian-books.php": 1776952486.6023893,
  "librarian-circulation.php": 1776952486.6033883,
  "librarian-dashboard.php": 1776952486.6033883,
  "librarian-fines.php": 1776952486.6043904,
  "librarian-print-records.php": 1776952486.6043904,
  "librarian-receipt.php": 1776952486.6053913,
  "librarian-reservations.php": 1776952486.606394,
  "login.php": 1775986635.7506206,
  "logout.php": 1775986635.7506206,
  "register.php": 1775986635.7535627,
  "reservations.php": 1776952486.6142786,
  "test_db.php": 1776952486.6152785,
  "verify-otp.php": 1775986635.7546186,
  "admin\\upload-avatar.php": 1776952486.555009,
  "api\\receipts\\create.php": 1776952486.5560098,
  "api\\receipts\\reprint.php": 1776952486.55701,
  "app\\admin\\admin-dashboard.php": 1776952486.559012,
  "app\\admin\\admin-fines.php": 1776952486.559012,
  "app\\admin\\admin-login.php": 1775986635.7288103,
  "app\\admin\\admin-logout.php": 1775986635.7288103,
  "app\\admin\\admin-profile.php": 1776952486.5600142,
  "app\\admin\\admin-users.php": 1776952486.5610106,
  "app\\librarian\\books.php": 1777193594.7403102,
  "app\\librarian\\circulation.php": 1777184447.036642,
  "app\\librarian\\fines.php": 1777184034.8154645,
  "app\\librarian\\index.php": 1777183607.7622056,
  "app\\librarian\\print-records.php": 1777184721.1824024,
  "app\\librarian\\receipt.php": 1777185497.3084698,
  "app\\librarian\\reservations.php": 1777184594.1890166,
  "app\\public\\login.php": 1777195925.3187065,
  "app\\public\\register.php": 1777195943.158815,
  "app\\public\\verify-otp.php": 1776952486.5730858,
  "app\\shared\\portal-sidebar.php": 1776952486.574116,
  "app\\system\\init-database.php": 1775986635.7335122,
  "app\\user\\account.php": 1777191043.9888723,
  "app\\user\\catalog.php": 1777193594.881309,
  "app\\user\\history.php": 1777192596.2062895,
  "app\\user\\index.php": 1777186082.8626158,
  "app\\user\\logout.php": 1775986635.7354717,
  "app\\user\\reservations.php": 1777191037.360703,
  "app\\user\\partials\\borrower-navbar.php": 1777180944.788477,
  "backend\\setup-db.php": 1776952486.5933888,
  "backend\\api\\librarian-checkout-search.php": 1776952486.5814636,
  "backend\\api\\login.php": 1776952486.5824134,
  "backend\\api\\logout.php": 1775004904.606448,
  "backend\\api\\register.php": 1776952486.583388,
  "backend\\api\\_bootstrap.php": 1776952486.5803933,
  "backend\\classes\\AdminProfileRepository.php": 1775986635.7365785,
  "backend\\classes\\Auth.php": 1775986635.7365785,
  "backend\\classes\\AuthSupport.php": 1776952486.5863907,
  "backend\\classes\\CirculationRepository.php": 1776952486.5873907,
  "backend\\classes\\FineReporting.php": 1775074958.0824063,
  "backend\\classes\\LibrarianPortalRepository.php": 1777198807.8219075,
  "backend\\classes\\PermissionGate.php": 1776952486.5893893,
  "backend\\classes\\ReceiptRepository.php": 1776952486.5903893,
  "backend\\classes\\UserRepository.php": 1776952486.5903893,
  "backend\\config\\AppBootstrap.php": 1775378226.1408596,
  "backend\\config\\Database.php": 1775378226.1428604,
  "backend\\config\\email.config.php": 1775986635.740433,
  "backend\\mail\\MailHandler.php": 1777115569.1141317,
  "backend\\vendor\\autoload.php": 1774571946.107446,
  "backend\\vendor\\composer\\autoload_classmap.php": 1776678120.4051335,
  "backend\\vendor\\composer\\autoload_namespaces.php": 1774571946.102862,
  "backend\\vendor\\composer\\autoload_psr4.php": 1774571946.1043725,
  "backend\\vendor\\composer\\autoload_real.php": 1774571946.1110616,
  "backend\\vendor\\composer\\autoload_static.php": 1776678120.4051335,
  "backend\\vendor\\composer\\ClassLoader.php": 1769683253.0,
  "backend\\vendor\\composer\\installed.php": 1776678120.4071343,
  "backend\\vendor\\composer\\InstalledVersions.php": 1774571945.6518648,